Project,Respondent ID,Start Date,End Date,IP Address,Year Established,Industry
SSV2024,1.18E+11,10/3/2023,10/3/2023,106.186.208.220,2014,Manufacturing/Industrial Products
SSV2024,1.18E+11,9/6/2023,10/2/2023,221.255.140.222,1994,Trading Company
SSV2024,1.18E+11,10/2/2023,10/2/2023,23.114.200.156,2017,IT
SSV2024,1.18E+11,10/2/2023,10/2/2023,99.70.85.77,1983,Hospitality
SSV2024,1.18E+11,10/2/2023,10/2/2023,73.158.249.38,1994,IT
SSV2024,1.18E+11,10/2/2023,10/2/2023,126.113.230.122,1997,Trading Company
SSV2024,1.18E+11,9/15/2023,10/2/2023,24.89.178.107,1947,Manufacturing/Industrial Products
SSV2024,1.18E+11,10/2/2023,10/2/2023,165.76.184.134,2015,Trading Company
SSV2024,1.18E+11,9/6/2023,10/2/2023,99.124.233.225,1987,Trading Company
SSV2024,1.18E+11,9/29/2023,10/2/2023,163.116.253.60,2013,Energy
SSV2024,1.18E+11,10/2/2023,10/2/2023,76.150.4.69,2008,Manufacturing/Industrial Products
SSV2024,1.18E+11,10/2/2023,10/2/2023,72.69.237.167,1979,Transportation/Logistics
SSV2024,1.18E+11,10/2/2023,10/2/2023,47.180.96.35,1998,Trading Company
SSV2024,1.18E+11,10/2/2023,10/2/2023,107.137.97.9,1991,IT
SSV2024,1.18E+11,10/2/2023,10/2/2023,99.108.4.89,1984,Manufacturing/Industrial Products
SSV2024,1.18E+11,9/29/2023,10/2/2023,70.91.125.241,1987,Manufacturing/Industrial Products
SSV2024,1.18E+11,10/2/2023,10/2/2023,12.166.232.146,1994,Manufacturing/Industrial Products
SSV2024,1.18E+11,10/2/2023,10/2/2023,209.65.106.200,1977,Other
SSV2024,1.18E+11,9/25/2023,10/2/2023,74.220.98.197,1980,Transportation/Logistics
SSV2024,1.18E+11,9/21/2023,10/2/2023,75.103.2.166,2018,Manufacturing/Industrial Products
SSV2024,1.18E+11,9/22/2023,10/2/2023,65.217.219.130,1991,Financials
SSV2024,1.18E+11,10/2/2023,10/2/2023,163.116.197.116,2006,Consumer Products
SSV2024,1.18E+11,10/2/2023,10/2/2023,211.123.211.130,2015,Manufacturing/Industrial Products
SSV2024,1.18E+11,10/1/2023,10/1/2023,74.89.90.110,2013,Manufacturing/Industrial Products
SSV2024,1.18E+11,10/1/2023,10/1/2023,24.25.223.75,1986,Manufacturing/Industrial Products
SSV2024,1.18E+11,9/30/2023,9/30/2023,208.127.66.77,1996,Other
SSV2024,1.18E+11,9/20/2023,9/30/2023,208.198.116.240,1970,Consumer Products
SSV2024,1.18E+11,9/29/2023,9/29/2023,76.80.207.154,1995,Manufacturing/Industrial Products
SSV2024,1.18E+11,9/29/2023,9/29/2023,75.149.209.209,2010,Manufacturing/Industrial Products
SSV2024,1.18E+11,9/26/2023,9/29/2023,12.164.168.194,1997,Manufacturing/Industrial Products
SSV2024,1.18E+11,9/29/2023,9/29/2023,107.197.176.193,2019,Manufacturing/Industrial Products
SSV2024,1.18E+11,9/29/2023,9/29/2023,76.87.246.200,1987,Transportation/Logistics
SSV2024,1.18E+11,9/29/2023,9/29/2023,76.81.163.210,1985,Manufacturing/Industrial Products
SSV2024,1.18E+11,9/29/2023,9/29/2023,210.141.159.138,2017,Energy
SSV2024,1.18E+11,9/27/2023,9/29/2023,76.53.81.58,1986,Trading Company
SSV2024,1.18E+11,9/28/2023,9/29/2023,199.167.123.83,2001,Trading Company
SSV2024,1.18E+11,9/29/2023,9/29/2023,76.175.15.54,2012,Media/Advertising
SSV2024,1.18E+11,9/29/2023,9/29/2023,64.60.58.5,1989,Retail
SSV2024,1.18E+11,9/27/2023,9/29/2023,12.66.14.30,1983,Manufacturing/Industrial Products
SSV2024,1.18E+11,9/29/2023,9/29/2023,72.48.168.250,2007,Retail
SSV2024,1.18E+11,9/29/2023,9/29/2023,72.49.161.80,1995,Manufacturing/Industrial Products
SSV2024,1.18E+11,9/29/2023,9/29/2023,96.77.6.209,2003,Manufacturing/Industrial Products
SSV2024,1.18E+11,9/15/2023,9/29/2023,208.127.68.194,1988,Manufacturing/Industrial Products
SSV2024,1.18E+11,9/22/2023,9/29/2023,165.225.33.92,1973,Real Estate & Construction
SSV2024,1.18E+11,9/28/2023,9/29/2023,66.51.147.214,1976,Manufacturing/Industrial Products
SSV2024,1.18E+11,9/28/2023,9/28/2023,114.156.136.207,2016,Retail
SSV2024,1.18E+11,9/14/2023,9/28/2023,98.0.195.218,1905,Other
SSV2024,1.18E+11,9/28/2023,9/28/2023,98.226.209.127,1982,Manufacturing/Industrial Products
SSV2024,1.18E+11,9/28/2023,9/28/2023,40.133.41.66,1989,Manufacturing/Industrial Products
SSV2024,1.18E+11,9/28/2023,9/28/2023,12.91.204.102,1998,Trading Company
SSV2024,1.18E+11,9/28/2023,9/28/2023,65.244.6.46,2017,Trading Company
SSV2024,1.18E+11,9/22/2023,9/28/2023,4.30.177.174,1972,Manufacturing/Industrial Products
SSV2024,1.18E+11,9/28/2023,9/28/2023,23.25.31.1,1970,Trading Company
SSV2024,1.18E+11,9/28/2023,9/28/2023,24.173.244.222,2000,Manufacturing/Industrial Products
SSV2024,1.18E+11,9/28/2023,9/28/2023,96.28.7.85,2007,Manufacturing/Industrial Products
SSV2024,1.18E+11,9/28/2023,9/28/2023,71.198.12.23,1988,Transportation/Logistics
SSV2024,1.18E+11,9/28/2023,9/28/2023,99.85.54.249,1987,Real Estate & Construction
SSV2024,1.18E+11,9/28/2023,9/28/2023,98.6.216.60,1978,Manufacturing/Industrial Products
SSV2024,1.18E+11,9/28/2023,9/28/2023,63.205.197.41,1996,Manufacturing/Industrial Products
SSV2024,1.18E+11,9/26/2023,9/28/2023,165.225.38.120,1955,Government
SSV2024,1.18E+11,9/28/2023,9/28/2023,66.159.192.249,2018,Real Estate & Construction
SSV2024,1.18E+11,9/27/2023,9/27/2023,71.246.100.183,1939,Other
SSV2024,1.18E+11,9/27/2023,9/27/2023,68.225.20.178,2020,Health Care
SSV2024,1.18E+11,9/13/2023,9/27/2023,50.250.229.33,1990,Manufacturing/Industrial Products
SSV2024,1.18E+11,9/27/2023,9/27/2023,172.56.184.107,2004,Manufacturing/Industrial Products
SSV2024,1.18E+11,9/27/2023,9/27/2023,209.137.144.226,2009,Transportation/Logistics
SSV2024,1.18E+11,9/11/2023,9/27/2023,50.30.119.146,1987,Manufacturing/Industrial Products
SSV2024,1.18E+11,9/27/2023,9/27/2023,216.194.98.1,1973,Manufacturing/Industrial Products
SSV2024,1.18E+11,9/27/2023,9/27/2023,198.24.115.50,1997,Manufacturing/Industrial Products
SSV2024,1.18E+11,9/27/2023,9/27/2023,209.137.144.158,1973,Manufacturing/Industrial Products
SSV2024,1.18E+11,9/25/2023,9/27/2023,50.239.75.51,2002,Manufacturing/Industrial Products
SSV2024,1.18E+11,9/26/2023,9/27/2023,205.145.18.5,1973,Manufacturing/Industrial Products
SSV2024,1.18E+11,9/26/2023,9/26/2023,149.19.49.98,1983,Government
SSV2024,1.18E+11,9/26/2023,9/26/2023,165.225.8.120,1996,Manufacturing/Industrial Products
SSV2024,1.18E+11,9/26/2023,9/26/2023,107.209.56.177,1972,Manufacturing/Industrial Products
SSV2024,1.18E+11,9/26/2023,9/26/2023,12.220.252.74,1976,Manufacturing/Industrial Products
SSV2024,1.18E+11,9/26/2023,9/26/2023,172.1.112.210,1989,Manufacturing/Industrial Products
SSV2024,1.18E+11,9/26/2023,9/26/2023,163.116.137.118,1998,Manufacturing/Industrial Products
SSV2024,1.18E+11,9/26/2023,9/26/2023,100.12.67.235,1955,Trading Company
SSV2024,1.18E+11,9/26/2023,9/26/2023,24.123.142.178,1970,Manufacturing/Industrial Products
SSV2024,1.18E+11,9/26/2023,9/26/2023,12.238.148.122,1989,Manufacturing/Industrial Products
SSV2024,1.18E+11,9/26/2023,9/26/2023,70.123.0.107,2006,Other
SSV2024,1.18E+11,9/22/2023,9/26/2023,12.218.145.194,1985,Manufacturing/Industrial Products
SSV2024,1.18E+11,9/26/2023,9/26/2023,47.181.87.154,1991,Manufacturing/Industrial Products
SSV2024,1.18E+11,9/26/2023,9/26/2023,104.28.124.180,2014,Other
SSV2024,1.18E+11,9/26/2023,9/26/2023,113.38.214.186,1999,Trading Company
SSV2024,1.18E+11,9/26/2023,9/26/2023,66.161.164.245,1987,Manufacturing/Industrial Products
SSV2024,1.18E+11,9/26/2023,9/26/2023,3.227.229.208,1981,NPO
SSV2024,1.18E+11,9/26/2023,9/26/2023,216.83.80.25,2014,Financials
SSV2024,1.18E+11,9/26/2023,9/26/2023,208.209.215.42,1985,Real Estate & Construction
SSV2024,1.18E+11,9/26/2023,9/26/2023,98.103.164.131,1997,Manufacturing/Industrial Products
SSV2024,1.18E+11,9/26/2023,9/26/2023,38.122.174.34,1983,Consumer Products
SSV2024,1.18E+11,9/25/2023,9/25/2023,60.114.131.41,2015,Media/Advertising
SSV2024,1.18E+11,9/25/2023,9/25/2023,202.12.244.39,2003,IT
SSV2024,1.18E+11,9/25/2023,9/25/2023,192.241.235.20,2007,Commercial Professional Services
SSV2024,1.18E+11,9/25/2023,9/25/2023,70.165.55.250,1998,Manufacturing/Industrial Products
SSV2024,1.18E+11,9/25/2023,9/25/2023,98.0.187.226,1959,Trading Company
SSV2024,1.18E+11,9/25/2023,9/25/2023,12.221.227.210,2001,Manufacturing/Industrial Products
SSV2024,1.18E+11,9/13/2023,9/25/2023,12.146.141.18,2012,Manufacturing/Industrial Products
SSV2024,1.18E+11,9/12/2023,9/25/2023,203.129.125.130,1979,Manufacturing/Industrial Products
SSV2024,1.18E+11,9/25/2023,9/25/2023,99.8.149.169,2004,Manufacturing/Industrial Products
SSV2024,1.18E+11,9/25/2023,9/25/2023,100.38.105.133,1986,Real Estate & Construction
SSV2024,1.18E+11,9/25/2023,9/25/2023,97.78.186.190,1982,Manufacturing/Industrial Products
SSV2024,1.18E+11,9/25/2023,9/25/2023,198.24.69.34,1970,Trading Company
SSV2024,1.18E+11,9/22/2023,9/25/2023,207.140.128.42,1997,Manufacturing/Industrial Products
SSV2024,1.18E+11,9/25/2023,9/25/2023,136.52.118.165,2018,Manufacturing/Industrial Products
SSV2024,1.18E+11,9/25/2023,9/25/2023,38.140.103.122,2019,Energy
SSV2024,1.18E+11,9/25/2023,9/25/2023,50.211.215.174,1985,Manufacturing/Industrial Products
SSV2024,1.18E+11,9/25/2023,9/25/2023,97.78.121.22,1996,Manufacturing/Industrial Products
SSV2024,1.18E+11,9/6/2023,9/25/2023,68.225.130.50,2000,Manufacturing/Industrial Products
SSV2024,1.18E+11,9/25/2023,9/25/2023,206.132.164.42,1998,Manufacturing/Industrial Products
SSV2024,1.18E+11,9/25/2023,9/25/2023,69.119.147.106,2018,Energy
SSV2024,1.18E+11,9/25/2023,9/25/2023,203.140.69.26,2001,Manufacturing/Industrial Products
SSV2024,1.18E+11,9/7/2023,9/25/2023,136.226.53.35,2002,Manufacturing/Industrial Products
SSV2024,1.18E+11,9/24/2023,9/24/2023,73.206.200.13,2013,Manufacturing/Industrial Products
SSV2024,1.18E+11,9/24/2023,9/24/2023,38.15.196.32,2020,Other
SSV2024,1.18E+11,9/23/2023,9/23/2023,122.210.210.90,2019,Manufacturing/Industrial Products
SSV2024,1.18E+11,9/22/2023,9/22/2023,12.18.220.97,2007,Manufacturing/Industrial Products
SSV2024,1.18E+11,9/22/2023,9/22/2023,66.91.158.58,2023,Real Estate & Construction
SSV2024,1.18E+11,9/22/2023,9/22/2023,98.189.85.50,2001,Manufacturing/Industrial Products
SSV2024,1.18E+11,9/22/2023,9/22/2023,216.98.119.148,1976,Financials
SSV2024,1.18E+11,9/22/2023,9/22/2023,68.49.107.164,1986,Manufacturing/Industrial Products
SSV2024,1.18E+11,9/22/2023,9/22/2023,74.64.161.248,1988,Financials
SSV2024,1.18E+11,9/22/2023,9/22/2023,73.93.20.200,2010,Manufacturing/Industrial Products
SSV2024,1.18E+11,9/22/2023,9/22/2023,47.180.147.134,1989,Other
SSV2024,1.18E+11,9/22/2023,9/22/2023,50.252.44.249,1996,Manufacturing/Industrial Products
SSV2024,1.18E+11,9/22/2023,9/22/2023,70.173.118.177,2014,IT
SSV2024,1.18E+11,9/19/2023,9/22/2023,209.137.144.158,1957,Manufacturing/Industrial Products
SSV2024,1.18E+11,9/22/2023,9/22/2023,23.24.98.242,1996,Manufacturing/Industrial Products
SSV2024,1.18E+11,9/13/2023,9/22/2023,98.153.156.210,2003,Consumer Products
SSV2024,1.18E+11,9/22/2023,9/22/2023,12.20.188.210,1969,Manufacturing/Industrial Products
SSV2024,1.18E+11,9/22/2023,9/22/2023,108.199.25.65,2005,Manufacturing/Industrial Products
SSV2024,1.18E+11,9/22/2023,9/22/2023,136.226.67.117,1985,Transportation/Logistics
SSV2024,1.18E+11,9/22/2023,9/22/2023,50.79.115.225,1996,Manufacturing/Industrial Products
SSV2024,1.18E+11,9/22/2023,9/22/2023,162.202.210.81,2004,Manufacturing/Industrial Products
SSV2024,1.18E+11,9/22/2023,9/22/2023,3.239.122.166,2020,Financials
SSV2024,1.18E+11,9/22/2023,9/22/2023,42.124.15.11,1987,IT
SSV2024,1.18E+11,9/22/2023,9/22/2023,107.143.137.19,2016,Trading Company
SSV2024,1.18E+11,9/22/2023,9/22/2023,149.20.202.30,1985,Manufacturing/Industrial Products
SSV2024,1.18E+11,9/22/2023,9/22/2023,172.85.28.107,1985,Manufacturing/Industrial Products
SSV2024,1.18E+11,9/22/2023,9/22/2023,71.125.23.60,2008,Other
SSV2024,1.18E+11,9/22/2023,9/22/2023,150.252.243.13,1969,Trading Company
SSV2024,1.18E+11,9/22/2023,9/22/2023,216.98.118.178,1993,Manufacturing/Industrial Products
SSV2024,1.18E+11,9/22/2023,9/22/2023,74.219.77.2,1984,Manufacturing/Industrial Products
SSV2024,1.18E+11,9/22/2023,9/22/2023,4.15.107.214,2023,Manufacturing/Industrial Products
SSV2024,1.18E+11,9/22/2023,9/22/2023,73.36.124.195,2007,Other
SSV2024,1.18E+11,9/22/2023,9/22/2023,68.48.184.95,2012,Manufacturing/Industrial Products
SSV2024,1.18E+11,9/22/2023,9/22/2023,73.211.222.200,1979,Manufacturing/Industrial Products
SSV2024,1.18E+11,9/22/2023,9/22/2023,168.215.57.226,1991,Manufacturing/Industrial Products
SSV2024,1.18E+11,9/22/2023,9/22/2023,4.7.22.218,2005,Manufacturing/Industrial Products
SSV2024,1.18E+11,9/22/2023,9/22/2023,96.28.19.192,2014,Manufacturing/Industrial Products
SSV2024,1.18E+11,9/22/2023,9/22/2023,63.84.64.34,1988,Manufacturing/Industrial Products
SSV2024,1.18E+11,9/22/2023,9/22/2023,61.114.187.164,1984,Manufacturing/Industrial Products
SSV2024,1.18E+11,9/22/2023,9/22/2023,71.194.168.217,1989,Manufacturing/Industrial Products
SSV2024,1.18E+11,9/21/2023,9/22/2023,131.103.23.181,1962,Transportation/Logistics
SSV2024,1.18E+11,9/22/2023,9/22/2023,38.105.241.114,1991,Media/Advertising
SSV2024,1.18E+11,9/22/2023,9/22/2023,206.165.107.153,2013,Other
SSV2024,1.18E+11,9/22/2023,9/22/2023,161.69.57.47,1978,Manufacturing/Industrial Products
SSV2024,1.18E+11,9/22/2023,9/22/2023,15.181.177.162,1967,Trading Company
SSV2024,1.18E+11,9/22/2023,9/22/2023,173.68.125.222,1994,Other
SSV2024,1.18E+11,9/22/2023,9/22/2023,70.158.101.137,2014,Manufacturing/Industrial Products
SSV2024,1.18E+11,9/22/2023,9/22/2023,75.147.244.237,1986,Manufacturing/Industrial Products
SSV2024,1.18E+11,9/20/2023,9/22/2023,221.117.22.194,2017,Government
SSV2024,1.18E+11,9/20/2023,9/21/2023,4.53.138.66,2018,Health Care
SSV2024,1.18E+11,9/21/2023,9/21/2023,73.241.172.107,1970,Manufacturing/Industrial Products
SSV2024,1.18E+11,9/21/2023,9/21/2023,68.196.97.233,1970,Trading Company
SSV2024,1.18E+11,9/20/2023,9/21/2023,136.52.119.36,1966,Trading Company
SSV2024,1.18E+11,9/6/2023,9/21/2023,182.165.244.52,2021,Manufacturing/Industrial Products
SSV2024,1.18E+11,9/21/2023,9/21/2023,118.151.149.107,2014,Manufacturing/Industrial Products
SSV2024,1.18E+11,9/13/2023,9/21/2023,107.190.242.134,2017,Retail
SSV2024,1.18E+11,9/21/2023,9/21/2023,64.124.162.234,2018,IT
SSV2024,1.18E+11,9/21/2023,9/21/2023,100.8.235.243,1986,Financials
SSV2024,1.18E+11,9/21/2023,9/21/2023,69.75.190.218,1992,Manufacturing/Industrial Products
SSV2024,1.18E+11,9/21/2023,9/21/2023,97.78.182.150,2012,Trading Company
SSV2024,1.18E+11,9/21/2023,9/21/2023,174.203.5.195,2019,Retail
SSV2024,1.18E+11,9/6/2023,9/21/2023,47.144.181.163,2019,Other
SSV2024,1.18E+11,9/21/2023,9/21/2023,104.247.61.254,2003,Other
SSV2024,1.18E+11,9/21/2023,9/21/2023,69.120.239.82,1970,Other
SSV2024,1.18E+11,9/21/2023,9/21/2023,98.154.21.142,1972,Manufacturing/Industrial Products
SSV2024,1.18E+11,9/7/2023,9/21/2023,173.197.167.250,1973,Transportation/Logistics
SSV2024,1.18E+11,9/18/2023,9/21/2023,136.226.51.90,2013,Consumer Products
SSV2024,1.18E+11,9/21/2023,9/21/2023,73.246.188.135,2002,Trading Company
SSV2024,1.18E+11,9/21/2023,9/21/2023,12.6.68.130,1964,Real Estate & Construction
SSV2024,1.18E+11,9/21/2023,9/21/2023,96.38.82.238,1994,Manufacturing/Industrial Products
SSV2024,1.18E+11,9/21/2023,9/21/2023,38.103.106.82,1980,Manufacturing/Industrial Products
SSV2024,1.18E+11,9/21/2023,9/21/2023,32.132.147.186,2000,Manufacturing/Industrial Products
SSV2024,1.18E+11,9/21/2023,9/21/2023,217.180.202.185,2003,Manufacturing/Industrial Products
SSV2024,1.18E+11,9/20/2023,9/21/2023,96.81.198.49,1981,Manufacturing/Industrial Products
SSV2024,1.18E+11,9/21/2023,9/21/2023,67.200.222.122,1980,Energy
SSV2024,1.18E+11,9/21/2023,9/21/2023,4.71.109.6,2015,Consumer Products
SSV2024,1.18E+11,9/21/2023,9/21/2023,158.106.213.50,1991,Other
SSV2024,1.18E+11,9/13/2023,9/21/2023,12.199.206.21,2005,IT
SSV2024,1.18E+11,9/21/2023,9/21/2023,174.243.144.227,2005,Transportation/Logistics
SSV2024,1.18E+11,9/21/2023,9/21/2023,174.62.251.253,2018,Manufacturing/Industrial Products
SSV2024,1.18E+11,9/21/2023,9/21/2023,104.181.146.192,1983,Manufacturing/Industrial Products
SSV2024,1.18E+11,9/21/2023,9/21/2023,24.7.16.232,1980,NPO
SSV2024,1.18E+11,9/18/2023,9/21/2023,108.53.187.31,2011,IT
SSV2024,1.18E+11,9/21/2023,9/21/2023,23.121.201.92,1998,Other
SSV2024,1.18E+11,9/21/2023,9/21/2023,66.231.38.88,1996,Manufacturing/Industrial Products
SSV2024,1.18E+11,9/21/2023,9/21/2023,107.115.227.12,2011,Hospitality
SSV2024,1.18E+11,9/7/2023,9/21/2023,136.226.80.101,2019,Manufacturing/Industrial Products
SSV2024,1.18E+11,9/20/2023,9/21/2023,134.215.27.200,2013,Manufacturing/Industrial Products
SSV2024,1.18E+11,9/20/2023,9/20/2023,118.6.113.170,2004,Manufacturing/Industrial Products
SSV2024,1.18E+11,9/20/2023,9/20/2023,211.9.32.73,2023,Manufacturing/Industrial Products
SSV2024,1.18E+11,9/20/2023,9/20/2023,116.82.48.149,2014,Manufacturing/Industrial Products
SSV2024,1.18E+11,9/20/2023,9/20/2023,201.163.114.190,2000,Manufacturing/Industrial Products
SSV2024,1.18E+11,9/20/2023,9/20/2023,104.10.248.35,2003,Manufacturing/Industrial Products
SSV2024,1.18E+11,9/20/2023,9/20/2023,47.180.254.28,2017,Other
SSV2024,1.18E+11,9/20/2023,9/20/2023,104.174.81.207,1982,Trading Company
SSV2024,1.18E+11,9/20/2023,9/20/2023,209.215.2.234,1969,Other
SSV2024,1.18E+11,9/20/2023,9/20/2023,153.143.185.36,1980,Manufacturing/Industrial Products
SSV2024,1.18E+11,9/20/2023,9/20/2023,104.152.233.79,1985,Transportation/Logistics
SSV2024,1.18E+11,9/19/2023,9/20/2023,172.250.238.205,1986,Transportation/Logistics
SSV2024,1.18E+11,9/20/2023,9/20/2023,50.0.200.34,2006,Manufacturing/Industrial Products
SSV2024,1.18E+11,9/20/2023,9/20/2023,184.12.21.194,1996,Manufacturing/Industrial Products
SSV2024,1.18E+11,9/20/2023,9/20/2023,50.47.39.130,1988,Trading Company
SSV2024,1.18E+11,9/20/2023,9/20/2023,24.0.170.162,1978,Manufacturing/Industrial Products
SSV2024,1.18E+11,9/20/2023,9/20/2023,68.174.244.199,2020,Financials
SSV2024,1.18E+11,9/6/2023,9/20/2023,184.183.160.170,2010,Health Care
SSV2024,1.18E+11,9/20/2023,9/20/2023,138.122.98.30,2017,Manufacturing/Industrial Products
SSV2024,1.18E+11,9/20/2023,9/20/2023,76.141.144.164,1973,Trading Company
SSV2024,1.18E+11,9/20/2023,9/20/2023,216.194.108.7,1999,Other
SSV2024,1.18E+11,9/20/2023,9/20/2023,68.98.110.142,1985,Manufacturing/Industrial Products
SSV2024,1.18E+11,9/20/2023,9/20/2023,12.3.205.50,1982,Other
SSV2024,1.18E+11,9/20/2023,9/20/2023,94.87.153.154,1999,Trading Company
SSV2024,1.18E+11,9/20/2023,9/20/2023,45.59.2.42,2022,Manufacturing/Industrial Products
SSV2024,1.18E+11,9/20/2023,9/20/2023,47.156.182.44,1991,Energy
SSV2024,1.18E+11,9/20/2023,9/20/2023,184.75.6.194,1993,Manufacturing/Industrial Products
SSV2024,1.18E+11,9/20/2023,9/20/2023,207.180.142.194,1997,Health Care
SSV2024,1.18E+11,9/20/2023,9/20/2023,162.251.133.42,2013,Manufacturing/Industrial Products
SSV2024,1.18E+11,9/20/2023,9/20/2023,135.84.86.162,2002,Manufacturing/Industrial Products
SSV2024,1.18E+11,9/20/2023,9/20/2023,99.64.161.195,2019,IT
SSV2024,1.18E+11,9/20/2023,9/20/2023,104.7.155.172,1989,Other
SSV2024,1.18E+11,9/20/2023,9/20/2023,73.106.123.46,2015,Real Estate & Construction
SSV2024,1.18E+11,9/20/2023,9/20/2023,66.187.190.210,1990,Manufacturing/Industrial Products
SSV2024,1.18E+11,9/20/2023,9/20/2023,184.75.196.154,2019,Manufacturing/Industrial Products
SSV2024,1.18E+11,9/20/2023,9/20/2023,40.121.93.151,1985,Manufacturing/Industrial Products
SSV2024,1.18E+11,9/20/2023,9/20/2023,50.247.164.117,2014,Manufacturing/Industrial Products
SSV2024,1.18E+11,9/20/2023,9/20/2023,38.94.155.66,1990,Media/Advertising
SSV2024,1.18E+11,9/20/2023,9/20/2023,172.56.105.226,2017,Other
SSV2024,1.18E+11,9/20/2023,9/20/2023,114.150.201.1,1986,Manufacturing/Industrial Products
SSV2024,1.18E+11,9/20/2023,9/20/2023,198.24.255.67,1979,Manufacturing/Industrial Products
SSV2024,1.18E+11,9/20/2023,9/20/2023,74.142.128.150,2015,Manufacturing/Industrial Products
SSV2024,1.18E+11,9/20/2023,9/20/2023,108.29.95.213,1976,Retail
SSV2024,1.18E+11,9/20/2023,9/20/2023,71.183.212.142,1993,Real Estate & Construction
SSV2024,1.18E+11,9/20/2023,9/20/2023,204.2.240.98,2004,Media/Advertising
SSV2024,1.18E+11,9/20/2023,9/20/2023,108.54.94.178,1968,Trading Company
SSV2024,1.18E+11,9/20/2023,9/20/2023,98.227.171.226,2015,Manufacturing/Industrial Products
SSV2024,1.18E+11,9/20/2023,9/20/2023,184.181.100.49,1998,Health Care
SSV2024,1.18E+11,9/20/2023,9/20/2023,50.214.110.73,1956,Trading Company
SSV2024,1.18E+11,9/20/2023,9/20/2023,38.140.97.82,2008,Financials
SSV2024,1.18E+11,9/19/2023,9/20/2023,68.49.45.111,2017,Manufacturing/Industrial Products
SSV2024,1.18E+11,9/19/2023,9/19/2023,114.172.72.38,2018,Trading Company
SSV2024,1.18E+11,9/19/2023,9/19/2023,166.149.7.230,2006,Transportation/Logistics
SSV2024,1.18E+11,9/19/2023,9/19/2023,75.84.31.156,1987,Trading Company
SSV2024,1.18E+11,9/19/2023,9/19/2023,165.225.216.177,2011,IT
SSV2024,1.18E+11,9/19/2023,9/19/2023,107.143.136.80,2019,Manufacturing/Industrial Products
SSV2024,1.18E+11,9/19/2023,9/19/2023,50.247.149.225,2004,Trading Company
SSV2024,1.18E+11,9/19/2023,9/19/2023,98.40.30.54,2015,Trading Company
SSV2024,1.18E+11,9/19/2023,9/19/2023,73.36.127.245,1994,Transportation/Logistics
SSV2024,1.18E+11,9/19/2023,9/19/2023,108.88.173.158,1998,Trading Company
SSV2024,1.18E+11,9/19/2023,9/19/2023,73.171.79.136,2012,Manufacturing/Industrial Products
SSV2024,1.18E+11,9/19/2023,9/19/2023,165.225.58.73,1998,Manufacturing/Industrial Products
SSV2024,1.18E+11,9/19/2023,9/19/2023,50.241.202.121,1983,Trading Company
SSV2024,1.18E+11,9/19/2023,9/19/2023,12.201.24.66,2011,Real Estate & Construction
SSV2024,1.18E+11,9/19/2023,9/19/2023,50.77.163.193,1978,Consumer Products
SSV2024,1.18E+11,9/19/2023,9/19/2023,50.247.141.21,1993,Manufacturing/Industrial Products
SSV2024,1.18E+11,9/19/2023,9/19/2023,98.153.240.242,2003,Manufacturing/Industrial Products
SSV2024,1.18E+11,9/19/2023,9/19/2023,211.0.205.118,1986,Financials
SSV2024,1.18E+11,9/7/2023,9/19/2023,50.47.45.66,1996,Health Care
SSV2024,1.18E+11,9/18/2023,9/18/2023,163.116.208.34,2016,Entertainment
SSV2024,1.18E+11,9/18/2023,9/18/2023,100.12.67.235,1988,Trading Company
SSV2024,1.18E+11,9/18/2023,9/18/2023,211.9.32.76,1996,Manufacturing/Industrial Products
SSV2024,1.18E+11,9/6/2023,9/18/2023,96.72.100.137,2006,Manufacturing/Industrial Products
SSV2024,1.18E+11,9/18/2023,9/18/2023,12.45.170.242,1988,Manufacturing/Industrial Products
SSV2024,1.18E+11,9/18/2023,9/18/2023,65.155.59.74,2019,Manufacturing/Industrial Products
SSV2024,1.18E+11,9/18/2023,9/18/2023,70.88.68.65,1969,Retail
SSV2024,1.18E+11,9/18/2023,9/18/2023,136.226.48.116,2018,Commercial Professional Services
SSV2024,1.18E+11,9/18/2023,9/18/2023,104.162.214.84,2000,Trading Company
SSV2024,1.18E+11,9/18/2023,9/18/2023,66.161.207.235,2001,Manufacturing/Industrial Products
SSV2024,1.18E+11,9/18/2023,9/18/2023,74.93.52.97,1987,Manufacturing/Industrial Products
SSV2024,1.18E+11,9/18/2023,9/18/2023,104.49.127.57,1973,Transportation/Logistics
SSV2024,1.18E+11,9/18/2023,9/18/2023,75.127.143.211,1986,Trading Company
SSV2024,1.18E+11,9/18/2023,9/18/2023,198.24.218.66,1989,Manufacturing/Industrial Products
SSV2024,1.18E+11,9/18/2023,9/18/2023,129.250.204.18,2003,Consumer Products
SSV2024,1.18E+11,9/18/2023,9/18/2023,47.181.157.160,2015,Trading Company
SSV2024,1.18E+11,9/18/2023,9/18/2023,50.84.242.134,2016,Transportation/Logistics
SSV2024,1.18E+11,9/18/2023,9/18/2023,172.58.238.184,2011,Financials
SSV2024,1.18E+11,9/18/2023,9/18/2023,174.210.229.229,2015,Manufacturing/Industrial Products
SSV2024,1.18E+11,9/18/2023,9/18/2023,76.190.108.179,1947,Manufacturing/Industrial Products
SSV2024,1.18E+11,9/6/2023,9/17/2023,50.244.45.141,2013,Manufacturing/Industrial Products
SSV2024,1.18E+11,9/17/2023,9/17/2023,97.78.182.150,2012,Trading Company
SSV2024,1.18E+11,9/17/2023,9/17/2023,97.150.76.199,2006,Manufacturing/Industrial Products
SSV2024,1.18E+11,9/16/2023,9/16/2023,99.121.22.97,1988,Trading Company
SSV2024,1.18E+11,9/16/2023,9/16/2023,108.7.44.44,2010,Manufacturing/Industrial Products
SSV2024,1.18E+11,9/16/2023,9/16/2023,136.226.69.6,1988,Manufacturing/Industrial Products
SSV2024,1.18E+11,9/14/2023,9/15/2023,107.184.68.74,2005,Transportation/Logistics
SSV2024,1.18E+11,9/15/2023,9/15/2023,104.176.1.119,1995,Manufacturing/Industrial Products
SSV2024,1.18E+11,9/15/2023,9/15/2023,96.72.91.109,2011,Manufacturing/Industrial Products
SSV2024,1.18E+11,9/15/2023,9/15/2023,104.56.113.1,2018,Commercial Professional Services
SSV2024,1.18E+11,9/15/2023,9/15/2023,12.172.141.9,1968,Manufacturing/Industrial Products
SSV2024,1.18E+11,9/15/2023,9/15/2023,12.180.137.58,1987,IT
SSV2024,1.18E+11,9/15/2023,9/15/2023,23.25.14.2,1996,Manufacturing/Industrial Products
SSV2024,1.18E+11,9/15/2023,9/15/2023,172.127.56.13,2006,Other
SSV2024,1.18E+11,9/15/2023,9/15/2023,207.140.28.50,1987,Manufacturing/Industrial Products
SSV2024,1.18E+11,9/15/2023,9/15/2023,208.76.64.150,2001,Manufacturing/Industrial Products
SSV2024,1.18E+11,9/15/2023,9/15/2023,75.82.180.19,2015,Trading Company
SSV2024,1.18E+11,9/15/2023,9/15/2023,155.190.17.5,1986,Manufacturing/Industrial Products
SSV2024,1.18E+11,9/15/2023,9/15/2023,72.215.152.26,1989,Manufacturing/Industrial Products
SSV2024,1.18E+11,9/13/2023,9/15/2023,73.110.245.134,2017,Manufacturing/Industrial Products
SSV2024,1.18E+11,9/15/2023,9/15/2023,216.215.117.170,2018,Energy
SSV2024,1.18E+11,9/11/2023,9/15/2023,71.74.165.66,2003,Manufacturing/Industrial Products
SSV2024,1.18E+11,9/15/2023,9/15/2023,50.244.55.241,1983,Manufacturing/Industrial Products
SSV2024,1.18E+11,9/8/2023,9/15/2023,216.98.123.100,1987,Financials
SSV2024,1.18E+11,9/13/2023,9/15/2023,69.21.239.122,2001,Manufacturing/Industrial Products
SSV2024,1.18E+11,9/8/2023,9/15/2023,124.37.248.98,2006,Financials
SSV2024,1.18E+11,9/14/2023,9/14/2023,76.81.223.154,2018,Transportation/Logistics
SSV2024,1.18E+11,9/14/2023,9/14/2023,76.53.8.2,2012,Real Estate & Construction
SSV2024,1.18E+11,9/14/2023,9/14/2023,149.20.198.196,2004,Trading Company
SSV2024,1.18E+11,9/14/2023,9/14/2023,108.53.204.97,2011,Manufacturing/Industrial Products
SSV2024,1.18E+11,9/14/2023,9/14/2023,99.65.249.97,2015,Trading Company
SSV2024,1.18E+11,9/14/2023,9/14/2023,54.205.91.165,2005,Financials
SSV2024,1.18E+11,9/14/2023,9/14/2023,72.80.75.117,2012,IT
SSV2024,1.18E+11,9/14/2023,9/14/2023,131.148.180.249,2006,Manufacturing/Industrial Products
SSV2024,1.18E+11,9/13/2023,9/14/2023,216.98.103.18,1990,Other
SSV2024,1.18E+11,9/14/2023,9/14/2023,32.143.197.26,1999,Manufacturing/Industrial Products
SSV2024,1.18E+11,9/14/2023,9/14/2023,98.147.6.146,1974,Other
SSV2024,1.18E+11,9/14/2023,9/14/2023,192.34.49.10,2018,Manufacturing/Industrial Products
SSV2024,1.18E+11,9/14/2023,9/14/2023,38.122.147.202,1983,Manufacturing/Industrial Products
SSV2024,1.18E+11,9/14/2023,9/14/2023,98.153.199.210,2015,Manufacturing/Industrial Products
SSV2024,1.18E+11,9/13/2023,9/14/2023,96.90.119.29,1990,Manufacturing/Industrial Products
SSV2024,1.18E+11,9/14/2023,9/14/2023,173.167.18.60,2000,Manufacturing/Industrial Products
SSV2024,1.18E+11,9/7/2023,9/14/2023,24.30.110.62,1987,Manufacturing/Industrial Products
SSV2024,1.18E+11,9/14/2023,9/14/2023,96.234.29.22,1999,IT
SSV2024,1.18E+11,9/7/2023,9/14/2023,173.220.244.230,1988,Manufacturing/Industrial Products
SSV2024,1.18E+11,9/13/2023,9/14/2023,38.140.168.186,1988,Manufacturing/Industrial Products
SSV2024,1.18E+11,9/14/2023,9/14/2023,210.161.24.50,1983,Manufacturing/Industrial Products
SSV2024,1.18E+11,9/13/2023,9/14/2023,210.251.203.58,2011,Manufacturing/Industrial Products
SSV2024,1.18E+11,9/13/2023,9/13/2023,107.184.151.8,2009,Commercial Professional Services
SSV2024,1.18E+11,9/13/2023,9/13/2023,4.79.32.202,2011,Real Estate & Construction
SSV2024,1.18E+11,9/13/2023,9/13/2023,12.116.14.158,2004,Other
SSV2024,1.18E+11,9/13/2023,9/13/2023,155.190.52.18,2015,Manufacturing/Industrial Products
SSV2024,1.18E+11,9/13/2023,9/13/2023,218.216.182.243,2021,Manufacturing/Industrial Products
SSV2024,1.18E+11,9/8/2023,9/13/2023,201.174.191.74,2013,Manufacturing/Industrial Products
SSV2024,1.18E+11,9/13/2023,9/13/2023,199.167.84.235,1997,Manufacturing/Industrial Products
SSV2024,1.18E+11,9/13/2023,9/13/2023,47.156.205.140,1994,Consumer Products
SSV2024,1.18E+11,9/13/2023,9/13/2023,35.149.2.66,1970,Manufacturing/Industrial Products
SSV2024,1.18E+11,9/13/2023,9/13/2023,174.79.34.3,2022,Trading Company
SSV2024,1.18E+11,9/13/2023,9/13/2023,199.167.84.235,1998,Manufacturing/Industrial Products
SSV2024,1.18E+11,9/13/2023,9/13/2023,47.181.157.139,2001,Financials
SSV2024,1.18E+11,9/13/2023,9/13/2023,71.105.76.208,1986,Manufacturing/Industrial Products
SSV2024,1.18E+11,9/13/2023,9/13/2023,23.118.13.73,1997,Manufacturing/Industrial Products
SSV2024,1.18E+11,9/13/2023,9/13/2023,47.51.57.22,1996,Transportation/Logistics
SSV2024,1.18E+11,9/13/2023,9/13/2023,50.125.119.210,1974,Manufacturing/Industrial Products
SSV2024,1.18E+11,9/13/2023,9/13/2023,12.185.161.18,2008,Financials
SSV2024,1.18E+11,9/13/2023,9/13/2023,136.226.65.29,1981,Manufacturing/Industrial Products
SSV2024,1.18E+11,9/13/2023,9/13/2023,136.226.60.114,1968,Trading Company
SSV2024,1.18E+11,9/13/2023,9/13/2023,155.190.48.24,2020,Other
SSV2024,1.18E+11,9/7/2023,9/13/2023,12.110.242.123,2009,Hospitality
SSV2024,1.18E+11,9/13/2023,9/13/2023,99.75.23.106,2019,IT
SSV2024,1.18E+11,9/13/2023,9/13/2023,107.133.226.57,2011,Transportation/Logistics
SSV2024,1.18E+11,9/13/2023,9/13/2023,32.143.175.106,2006,Manufacturing/Industrial Products
SSV2024,1.18E+11,9/13/2023,9/13/2023,207.141.88.85,1981,Manufacturing/Industrial Products
SSV2024,1.18E+11,9/13/2023,9/13/2023,12.110.240.130,2006,IT
SSV2024,1.18E+11,9/13/2023,9/13/2023,75.238.59.51,1986,Transportation/Logistics
SSV2024,1.18E+11,9/13/2023,9/13/2023,107.165.140.26,1979,Manufacturing/Industrial Products
SSV2024,1.18E+11,9/13/2023,9/13/2023,216.98.98.78,1996,IT
SSV2024,1.18E+11,9/13/2023,9/13/2023,50.235.74.78,1979,Manufacturing/Industrial Products
SSV2024,1.18E+11,9/13/2023,9/13/2023,172.118.134.66,2002,Manufacturing/Industrial Products
SSV2024,1.18E+11,9/13/2023,9/13/2023,69.209.17.66,2019,Manufacturing/Industrial Products
SSV2024,1.18E+11,9/13/2023,9/13/2023,50.77.248.117,1995,Manufacturing/Industrial Products
SSV2024,1.18E+11,9/7/2023,9/13/2023,69.75.134.74,2004,Trading Company
SSV2024,1.18E+11,9/13/2023,9/13/2023,72.41.0.42,2014,Manufacturing/Industrial Products
SSV2024,1.18E+11,9/13/2023,9/13/2023,173.197.161.70,1986,Media/Advertising
SSV2024,1.18E+11,9/13/2023,9/13/2023,209.220.24.186,1972,Retail
SSV2024,1.18E+11,9/13/2023,9/13/2023,216.98.101.181,1972,Manufacturing/Industrial Products
SSV2024,1.18E+11,9/13/2023,9/13/2023,76.242.114.237,1973,Other
SSV2024,1.18E+11,9/13/2023,9/13/2023,98.28.226.147,2002,Manufacturing/Industrial Products
SSV2024,1.18E+11,9/13/2023,9/13/2023,173.197.167.250,1973,Transportation/Logistics
SSV2024,1.18E+11,9/13/2023,9/13/2023,50.239.253.174,1996,Manufacturing/Industrial Products
SSV2024,1.18E+11,9/13/2023,9/13/2023,131.148.182.42,1988,Trading Company
SSV2024,1.18E+11,9/6/2023,9/13/2023,107.143.137.95,2011,Trading Company
SSV2024,1.18E+11,9/13/2023,9/13/2023,68.225.20.131,1988,Manufacturing/Industrial Products
SSV2024,1.18E+11,9/13/2023,9/13/2023,97.79.165.218,1984,Other
SSV2024,1.18E+11,9/13/2023,9/13/2023,148.77.125.50,1975,Transportation/Logistics
SSV2024,1.18E+11,9/13/2023,9/13/2023,147.161.195.73,2012,Transportation/Logistics
SSV2024,1.18E+11,9/13/2023,9/13/2023,73.74.39.211,2011,Manufacturing/Industrial Products
SSV2024,1.18E+11,9/13/2023,9/13/2023,144.121.127.22,1983,Media/Advertising
SSV2024,1.18E+11,9/13/2023,9/13/2023,96.92.207.20,1998,Manufacturing/Industrial Products
SSV2024,1.18E+11,9/12/2023,9/12/2023,47.190.59.32,2018,Real Estate & Construction
SSV2024,1.18E+11,9/12/2023,9/12/2023,76.95.215.2,2004,Retail
SSV2024,1.18E+11,9/12/2023,9/12/2023,12.220.241.71,1968,Manufacturing/Industrial Products
SSV2024,1.18E+11,9/12/2023,9/12/2023,104.174.65.17,2013,Other
SSV2024,1.18E+11,9/12/2023,9/12/2023,50.207.237.10,1978,Manufacturing/Industrial Products
SSV2024,1.18E+11,9/12/2023,9/12/2023,34.103.71.20,2019,Manufacturing/Industrial Products
SSV2024,1.18E+11,9/12/2023,9/12/2023,65.82.124.230,1991,Manufacturing/Industrial Products
SSV2024,1.18E+11,9/11/2023,9/11/2023,204.60.17.123,1985,Manufacturing/Industrial Products
SSV2024,1.18E+11,9/8/2023,9/11/2023,165.225.242.204,1985,Manufacturing/Industrial Products
SSV2024,1.18E+11,9/11/2023,9/11/2023,217.180.205.20,1985,Manufacturing/Industrial Products
SSV2024,1.18E+11,9/11/2023,9/11/2023,209.137.142.210,1960,Manufacturing/Industrial Products
SSV2024,1.18E+11,9/11/2023,9/11/2023,165.225.222.225,2021,Manufacturing/Industrial Products
SSV2024,1.18E+11,9/10/2023,9/10/2023,157.205.94.6,2009,Trading Company
SSV2024,1.18E+11,9/10/2023,9/10/2023,106.186.215.169,2018,Manufacturing/Industrial Products
SSV2024,1.18E+11,9/10/2023,9/10/2023,76.84.171.98,1988,Manufacturing/Industrial Products
SSV2024,1.18E+11,9/10/2023,9/10/2023,107.194.216.187,2022,Retail
SSV2024,1.18E+11,9/10/2023,9/10/2023,12.247.251.114,1976,Trading Company
SSV2024,1.18E+11,9/9/2023,9/9/2023,162.233.90.45,2002,Other
SSV2024,1.18E+11,9/9/2023,9/9/2023,99.66.50.85,1996,Trading Company
SSV2024,1.18E+11,9/9/2023,9/9/2023,104.174.89.92,1990,Other
SSV2024,1.18E+11,9/8/2023,9/8/2023,107.77.211.127,2022,Transportation/Logistics
SSV2024,1.18E+11,9/8/2023,9/8/2023,172.112.180.138,2018,Other
SSV2024,1.18E+11,9/8/2023,9/8/2023,76.143.248.249,1972,Energy
SSV2024,1.18E+11,9/8/2023,9/8/2023,104.182.218.0,2019,Manufacturing/Industrial Products
SSV2024,1.18E+11,9/8/2023,9/8/2023,104.4.216.113,2022,Manufacturing/Industrial Products
SSV2024,1.18E+11,9/7/2023,9/8/2023,216.98.126.34,2007,Manufacturing/Industrial Products
SSV2024,1.18E+11,9/8/2023,9/8/2023,12.69.83.42,1988,Manufacturing/Industrial Products
SSV2024,1.18E+11,9/8/2023,9/8/2023,50.252.117.250,1994,Manufacturing/Industrial Products
SSV2024,1.18E+11,9/7/2023,9/8/2023,24.241.144.227,2004,Manufacturing/Industrial Products
SSV2024,1.18E+11,9/8/2023,9/8/2023,97.70.167.83,2013,Manufacturing/Industrial Products
SSV2024,1.18E+11,9/8/2023,9/8/2023,47.181.186.116,1995,Trading Company
SSV2024,1.18E+11,9/8/2023,9/8/2023,107.142.56.155,1961,Trading Company
SSV2024,1.18E+11,9/8/2023,9/8/2023,108.222.144.41,2018,Manufacturing/Industrial Products
SSV2024,1.18E+11,9/8/2023,9/8/2023,136.226.3.78,1995,Manufacturing/Industrial Products
SSV2024,1.18E+11,9/7/2023,9/7/2023,96.28.96.52,2004,Trading Company
SSV2024,1.18E+11,9/7/2023,9/7/2023,70.187.195.219,2011,IT
SSV2024,1.18E+11,9/7/2023,9/7/2023,12.206.230.90,1974,Transportation/Logistics
SSV2024,1.18E+11,9/7/2023,9/7/2023,155.190.52.20,1987,Financials
SSV2024,1.18E+11,9/7/2023,9/7/2023,108.217.239.101,1988,Entertainment
SSV2024,1.18E+11,9/7/2023,9/7/2023,38.42.58.52,2016,Retail
SSV2024,1.18E+11,9/7/2023,9/7/2023,205.145.18.5,2002,Transportation/Logistics
SSV2024,1.18E+11,9/7/2023,9/7/2023,70.107.184.209,1951,Trading Company
SSV2024,1.18E+11,9/7/2023,9/7/2023,50.196.141.85,2002,Manufacturing/Industrial Products
SSV2024,1.18E+11,9/7/2023,9/7/2023,104.129.159.227,1988,Financials
SSV2024,1.18E+11,9/7/2023,9/7/2023,104.129.199.40,1996,IT
SSV2024,1.18E+11,9/7/2023,9/7/2023,162.255.35.130,2016,Manufacturing/Industrial Products
SSV2024,1.18E+11,9/7/2023,9/7/2023,23.124.239.96,2007,Manufacturing/Industrial Products
SSV2024,1.18E+11,9/7/2023,9/7/2023,98.153.199.74,1961,Hospitality
SSV2024,1.18E+11,9/7/2023,9/7/2023,173.161.11.65,2001,Manufacturing/Industrial Products
SSV2024,1.18E+11,9/7/2023,9/7/2023,104.129.206.209,2021,Manufacturing/Industrial Products
SSV2024,1.18E+11,9/7/2023,9/7/2023,14.13.74.1,2020,Health Care
SSV2024,1.18E+11,9/7/2023,9/7/2023,151.197.31.148,2016,IT
SSV2024,1.18E+11,9/6/2023,9/7/2023,216.168.44.218,2006,Trading Company
SSV2024,1.18E+11,9/7/2023,9/7/2023,184.189.201.183,2010,IT
SSV2024,1.18E+11,9/7/2023,9/7/2023,104.187.198.1,2003,Entertainment
SSV2024,1.18E+11,9/7/2023,9/7/2023,192.34.48.10,1973,IT
SSV2024,1.18E+11,9/7/2023,9/7/2023,50.205.130.170,2001,Health Care
SSV2024,1.18E+11,9/7/2023,9/7/2023,107.184.155.62,2000,Manufacturing/Industrial Products
SSV2024,1.18E+11,9/7/2023,9/7/2023,216.194.99.109,1982,Manufacturing/Industrial Products
SSV2024,1.18E+11,9/7/2023,9/7/2023,3.17.228.10,1999,Manufacturing/Industrial Products
SSV2024,1.18E+11,9/7/2023,9/7/2023,71.245.66.140,1988,Manufacturing/Industrial Products
SSV2024,1.18E+11,9/7/2023,9/7/2023,45.27.185.169,2007,Manufacturing/Industrial Products
SSV2024,1.18E+11,9/7/2023,9/7/2023,69.209.16.134,2002,Manufacturing/Industrial Products
SSV2024,1.18E+11,9/7/2023,9/7/2023,149.19.49.98,1972,Government
SSV2024,1.18E+11,9/7/2023,9/7/2023,209.137.142.210,2017,Energy
SSV2024,1.18E+11,9/7/2023,9/7/2023,73.189.12.121,2011,Manufacturing/Industrial Products
SSV2024,1.18E+11,9/7/2023,9/7/2023,98.154.15.154,1974,Trading Company
SSV2024,1.18E+11,9/6/2023,9/7/2023,172.91.234.95,2017,Entertainment
SSV2024,1.18E+11,9/7/2023,9/7/2023,50.244.51.84,1963,Trading Company
SSV2024,1.18E+11,9/7/2023,9/7/2023,216.98.110.74,1996,Media/Advertising
SSV2024,1.18E+11,9/7/2023,9/7/2023,73.155.225.87,2014,Manufacturing/Industrial Products
SSV2024,1.18E+11,9/7/2023,9/7/2023,142.105.99.42,2021,Retail
SSV2024,1.18E+11,9/7/2023,9/7/2023,66.202.161.158,2017,Commercial Professional Services
SSV2024,1.18E+11,9/7/2023,9/7/2023,150.221.177.65,2019,Hospitality
SSV2024,1.18E+11,9/7/2023,9/7/2023,72.213.247.70,1986,Trading Company
SSV2024,1.18E+11,9/7/2023,9/7/2023,207.96.79.184,2003,Other
SSV2024,1.18E+11,9/7/2023,9/7/2023,50.217.242.194,1989,Manufacturing/Industrial Products
SSV2024,1.18E+11,9/7/2023,9/7/2023,98.224.223.217,2019,Manufacturing/Industrial Products
SSV2024,1.18E+11,9/6/2023,9/7/2023,72.214.23.46,1988,Manufacturing/Industrial Products
SSV2024,1.18E+11,9/7/2023,9/7/2023,40.124.38.148,1997,Other
SSV2024,1.18E+11,9/7/2023,9/7/2023,104.8.35.249,2017,Trading Company
SSV2024,1.18E+11,9/6/2023,9/7/2023,50.209.216.169,1999,Manufacturing/Industrial Products
SSV2024,1.18E+11,9/7/2023,9/7/2023,96.92.49.50,1987,Manufacturing/Industrial Products
SSV2024,1.18E+11,9/7/2023,9/7/2023,216.163.3.195,1989,Manufacturing/Industrial Products
SSV2024,1.18E+11,9/7/2023,9/7/2023,135.84.167.162,2010,Other
SSV2024,1.18E+11,9/7/2023,9/7/2023,73.111.167.67,1973,Manufacturing/Industrial Products
SSV2024,1.18E+11,9/7/2023,9/7/2023,147.0.224.186,2006,Manufacturing/Industrial Products
SSV2024,1.18E+11,9/7/2023,9/7/2023,208.209.215.42,2013,Real Estate & Construction
SSV2024,1.18E+11,9/7/2023,9/7/2023,174.204.128.157,2007,Manufacturing/Industrial Products
SSV2024,1.18E+11,9/7/2023,9/7/2023,199.48.72.132,1988,Manufacturing/Industrial Products
SSV2024,1.18E+11,9/7/2023,9/7/2023,149.20.200.252,2018,Financials
SSV2024,1.18E+11,9/7/2023,9/7/2023,76.198.154.135,1989,Manufacturing/Industrial Products
SSV2024,1.18E+11,9/7/2023,9/7/2023,12.201.200.82,2018,Manufacturing/Industrial Products
SSV2024,1.18E+11,9/7/2023,9/7/2023,66.103.253.42,2014,Other
SSV2024,1.18E+11,9/7/2023,9/7/2023,72.69.71.242,1970,Trading Company
SSV2024,1.18E+11,9/7/2023,9/7/2023,47.46.137.202,1996,Transportation/Logistics
SSV2024,1.18E+11,9/7/2023,9/7/2023,209.65.129.90,1994,Manufacturing/Industrial Products
SSV2024,1.18E+11,9/7/2023,9/7/2023,73.44.187.133,2018,Manufacturing/Industrial Products
SSV2024,1.18E+11,9/6/2023,9/6/2023,50.204.47.106,1991,Trading Company
SSV2024,1.18E+11,9/6/2023,9/6/2023,49.239.67.76,2001,Consumer Products
SSV2024,1.18E+11,9/6/2023,9/6/2023,72.2.35.167,1995,Trading Company
SSV2024,1.18E+11,9/6/2023,9/6/2023,65.208.129.83,1977,Manufacturing/Industrial Products
SSV2024,1.18E+11,9/6/2023,9/6/2023,136.58.92.1,2003,Manufacturing/Industrial Products
SSV2024,1.18E+11,9/6/2023,9/6/2023,23.28.101.109,1969,Manufacturing/Industrial Products
SSV2024,1.18E+11,9/6/2023,9/6/2023,12.32.165.35,2000,Manufacturing/Industrial Products
SSV2024,1.18E+11,9/6/2023,9/6/2023,136.226.79.8,1984,Manufacturing/Industrial Products
SSV2024,1.18E+11,9/6/2023,9/6/2023,162.239.86.105,1998,Transportation/Logistics
SSV2024,1.18E+11,9/6/2023,9/6/2023,209.137.151.98,1980,Manufacturing/Industrial Products
SSV2024,1.18E+11,9/6/2023,9/6/2023,68.225.239.219,1999,Other
SSV2024,1.18E+11,9/6/2023,9/6/2023,32.132.147.186,2000,Manufacturing/Industrial Products
SSV2024,1.18E+11,9/6/2023,9/6/2023,107.184.176.43,2008,Consumer Products
SSV2024,1.18E+11,9/6/2023,9/6/2023,99.1.244.183,1992,Trading Company
SSV2024,1.18E+11,9/6/2023,9/6/2023,64.129.221.242,1982,Manufacturing/Industrial Products
SSV2024,1.18E+11,9/6/2023,9/6/2023,68.252.211.193,2010,Real Estate & Construction
SSV2024,1.18E+11,9/6/2023,9/6/2023,76.250.194.25,1988,Manufacturing/Industrial Products
SSV2024,1.18E+11,9/6/2023,9/6/2023,209.252.101.131,2021,Trading Company
SSV2024,1.18E+11,9/6/2023,9/6/2023,209.215.120.211,2016,Health Care
SSV2024,1.18E+11,9/6/2023,9/6/2023,47.181.157.39,1980,Trading Company
SSV2024,1.18E+11,9/6/2023,9/6/2023,67.113.123.65,1985,Manufacturing/Industrial Products
SSV2024,1.18E+11,9/6/2023,9/6/2023,96.65.104.37,2016,Manufacturing/Industrial Products
SSV2024,1.18E+11,9/6/2023,9/6/2023,107.216.241.230,2013,Commercial Professional Services
SSV2024,1.18E+11,9/6/2023,9/6/2023,69.75.55.42,2002,Manufacturing/Industrial Products
SSV2024,1.18E+11,9/6/2023,9/6/2023,162.199.236.11,2000,Manufacturing/Industrial Products
SSV2024,1.18E+11,9/6/2023,9/6/2023,12.201.18.250,2011,IT
SSV2024,1.18E+11,9/6/2023,9/6/2023,108.225.27.49,1984,Other
SSV2024,1.18E+11,9/6/2023,9/6/2023,150.49.240.1,1982,Energy
SSV2025,1.19E+11,9/5/2024,9/5/2024,201.174.191.74,2013,Manufacturing - Auto Parts/Equipments
SSV2025,1.19E+11,9/5/2024,9/5/2024,67.169.54.118,2010,Government
SSV2025,1.19E+11,9/5/2024,9/5/2024,45.62.182.98,1980,Retail - Other
SSV2025,1.19E+11,9/5/2024,9/5/2024,209.137.144.158,1972,Manufacturing - Food/Beverage
SSV2025,1.19E+11,9/4/2024,9/5/2024,216.98.101.181,1972,Manufacturing - Metals/Non Metals
SSV2025,1.19E+11,9/5/2024,9/5/2024,116.82.48.149,2014,Trading company - Other
SSV2025,1.19E+11,9/4/2024,9/4/2024,68.252.211.193,2010,Real Estate & Construction - Real Estate Agency/Property Management
SSV2025,1.19E+11,9/4/2024,9/4/2024,34.103.71.20,2019,Manufacturing - Automobile Manufacturers
SSV2025,1.19E+11,9/4/2024,9/4/2024,68.230.181.23,2011,Manufacturing - Other
SSV2025,1.19E+11,9/4/2024,9/4/2024,12.18.189.162,2017,Retail - Apparel
SSV2025,1.19E+11,8/27/2024,9/4/2024,76.132.69.85,1957,Consumer Products - Food/Beverage
SSV2025,1.19E+11,9/4/2024,9/4/2024,38.140.103.122,2021,Energy - Other
SSV2025,1.19E+11,9/4/2024,9/4/2024,207.5.77.26,2015,Professional Service - Consulting
SSV2025,1.19E+11,9/4/2024,9/4/2024,99.108.4.89,1984,Manufacturing - Other
SSV2025,1.19E+11,9/4/2024,9/4/2024,47.22.16.130,1995,Manufacturing - Machinery/Electrical Equipment
SSV2025,1.19E+11,9/4/2024,9/4/2024,166.149.7.230,2006,Transportation & Logistics - Forwarding
SSV2025,1.19E+11,9/3/2024,9/4/2024,98.153.222.242,1986,Transportation & Logistics - Ship/Marine
SSV2025,1.19E+11,8/20/2024,9/4/2024,71.56.5.88,2014,Manufacturing - Machinery/Electrical Equipment
SSV2025,1.19E+11,9/4/2024,9/4/2024,216.21.169.253,2023,Manufacturing - Automobile Manufacturers
SSV2025,1.19E+11,9/4/2024,9/4/2024,97.82.21.54,2002,Manufacturing - Auto Parts/Equipments
SSV2025,1.19E+11,9/4/2024,9/4/2024,47.230.37.11,1932,NPO
SSV2025,1.19E+11,9/4/2024,9/4/2024,96.80.235.217,1966,Trading company - Metals/Non Metals
SSV2025,1.19E+11,9/3/2024,9/3/2024,76.32.226.126,2006,Manufacturing - Machinery/Electrical Equipment
SSV2025,1.19E+11,9/3/2024,9/3/2024,162.202.210.81,2004,Trading company - Foods
SSV2025,1.19E+11,9/3/2024,9/3/2024,12.146.78.75,1988,Trading company - Machinery/Electrical Equipment
SSV2025,1.19E+11,9/3/2024,9/3/2024,173.13.162.225,2009,Real Estate & Construction - Construction/Architectural
SSV2025,1.19E+11,9/3/2024,9/3/2024,192.154.122.186,2014,Manufacturing - Auto Parts/Equipments
SSV2025,1.19E+11,9/3/2024,9/3/2024,165.225.61.217,1999,Trading company - Chemical/Plastic
SSV2025,1.19E+11,9/3/2024,9/3/2024,47.181.186.116,2000,Trading company - Chemical/Plastic
SSV2025,1.19E+11,9/3/2024,9/3/2024,107.209.56.177,1972,Manufacturing - Other
SSV2025,1.19E+11,9/3/2024,9/3/2024,23.123.88.3,2008,Manufacturing - Other
SSV2025,1.19E+11,9/3/2024,9/3/2024,206.132.164.42,1998,Manufacturing - Food/Beverage
SSV2025,1.19E+11,9/3/2024,9/3/2024,76.81.163.210,1985,Trading company - Chemical/Plastic
SSV2025,1.19E+11,9/3/2024,9/3/2024,216.98.113.234,2010,Trading company - So-go (General)
SSV2025,1.19E+11,9/3/2024,9/3/2024,50.227.41.78,2015,IT - Hardware
SSV2025,1.19E+11,8/26/2024,9/3/2024,136.226.122.203,2020,Retail - Other
SSV2025,1.19E+11,9/3/2024,9/3/2024,12.238.231.66,1990,Manufacturing - Auto Parts/Equipments
SSV2025,1.19E+11,9/3/2024,9/3/2024,104.174.77.15,2009,Professional Service - Consulting
SSV2025,1.19E+11,9/3/2024,9/3/2024,47.41.11.22,2000,Trading company - Foods
SSV2025,1.19E+11,8/20/2024,9/3/2024,12.189.99.201,1979,Manufacturing - Electronics/Semiconductors
SSV2025,1.19E+11,9/3/2024,9/3/2024,216.98.126.34,2007,Manufacturing - Food/Beverage
SSV2025,1.19E+11,8/27/2024,9/3/2024,76.53.210.3,2006,Health Care - Pharmaceuticals/Biotechnology
SSV2025,1.19E+11,8/26/2024,9/3/2024,216.205.116.67,1994,Trading company - Chemical/Plastic
SSV2025,1.19E+11,9/3/2024,9/3/2024,69.75.85.104,2011,IT - IT Service
SSV2025,1.19E+11,9/3/2024,9/3/2024,173.220.244.230,1988,Trading company - Chemical/Plastic
SSV2025,1.19E+11,9/3/2024,9/3/2024,20.169.201.116,1986,Real Estate & Construction - Real Estate Agency/Property Management
SSV2025,1.19E+11,9/3/2024,9/3/2024,12.16.107.250,1983,Entertainment - Gaming
SSV2025,1.19E+11,9/3/2024,9/3/2024,96.66.151.113,1997,Manufacturing - Automobile Manufacturers
SSV2025,1.19E+11,9/3/2024,9/3/2024,68.225.130.50,1996,Manufacturing - Machinery/Electrical Equipment
SSV2025,1.19E+11,9/3/2024,9/3/2024,76.87.246.200,1987,Transportation & Logistics - Forwarding
SSV2025,1.19E+11,9/3/2024,9/3/2024,107.185.87.40,1990,Retail - Other
SSV2025,1.19E+11,9/3/2024,9/3/2024,104.2.74.84,2021,Professional Service - Accounting/Auditing
SSV2025,1.19E+11,9/3/2024,9/3/2024,50.239.253.174,1996,Manufacturing - Chemical/Plastic
SSV2025,1.19E+11,9/1/2024,9/1/2024,173.184.81.161,1990,Manufacturing - Metals/Non Metals
SSV2025,1.19E+11,8/31/2024,8/31/2024,73.170.210.61,2013,Trading company - Machinery/Electrical Equipment
SSV2025,1.19E+11,8/31/2024,8/31/2024,210.136.107.239,1907,Trading company - Foods
SSV2025,1.19E+11,8/29/2024,8/30/2024,68.225.20.178,2020,Health Care - Health Care Equipment/Medical Device
SSV2025,1.19E+11,8/22/2024,8/30/2024,216.9.110.2,1985,Manufacturing - Other
SSV2025,1.19E+11,8/30/2024,8/30/2024,12.63.224.38,1983,Manufacturing - Automobile Manufacturers
SSV2025,1.19E+11,8/30/2024,8/30/2024,104.33.36.38,1973,Manufacturing - Food/Beverage
SSV2025,1.19E+11,8/30/2024,8/30/2024,96.92.49.50,1987,Manufacturing - Automobile Manufacturers
SSV2025,1.19E+11,8/30/2024,8/30/2024,76.133.147.115,2015,IT - Other
SSV2025,1.19E+11,8/30/2024,8/30/2024,47.181.87.154,1991,Manufacturing - Food/Beverage
SSV2025,1.19E+11,8/30/2024,8/30/2024,69.75.190.218,1992,Manufacturing - Electronics/Semiconductors
SSV2025,1.19E+11,8/21/2024,8/30/2024,209.196.172.245,1985,Manufacturing - Other
SSV2025,1.19E+11,8/29/2024,8/29/2024,126.156.196.129,1987,IT - Software/Application
SSV2025,1.19E+11,8/29/2024,8/29/2024,50.235.74.78,1979,Manufacturing - Other
SSV2025,1.19E+11,8/29/2024,8/29/2024,32.143.175.106,2006,Trading company - Other
SSV2025,1.19E+11,8/29/2024,8/29/2024,12.159.104.162,1978,Manufacturing - Auto Parts/Equipments
SSV2025,1.19E+11,8/29/2024,8/29/2024,172.91.128.230,2016,Retail - Apparel
SSV2025,1.19E+11,8/29/2024,8/29/2024,96.92.207.20,1998,Manufacturing - Other
SSV2025,1.19E+11,8/29/2024,8/29/2024,12.110.242.123,2009,Hospitality - Hotels
SSV2025,1.19E+11,8/29/2024,8/29/2024,32.132.147.186,2000,Trading company - Electronics/Semiconductors
SSV2025,1.19E+11,8/28/2024,8/29/2024,216.98.123.100,1987,Finance - Insurance
SSV2025,1.19E+11,8/29/2024,8/29/2024,136.226.84.244,2019,Manufacturing - Chemical/Plastic
SSV2025,1.19E+11,8/28/2024,8/29/2024,108.46.198.202,1972,Transportation & Logistics - Forwarding
SSV2025,1.19E+11,8/29/2024,8/29/2024,150.195.207.64,2018,Finance - Other
SSV2025,1.19E+11,8/28/2024,8/28/2024,74.139.44.70,2014,Manufacturing - Machinery/Electrical Equipment
SSV2025,1.19E+11,8/28/2024,8/28/2024,47.180.200.76,1984,Manufacturing - Food/Beverage
SSV2025,1.19E+11,8/21/2024,8/28/2024,50.222.53.202,2011,Manufacturing - Auto Parts/Equipments
SSV2025,1.19E+11,8/28/2024,8/28/2024,12.20.188.210,1969,Trading company - Other
SSV2025,1.19E+11,8/28/2024,8/28/2024,69.75.55.42,2002,Manufacturing - Auto Parts/Equipments
SSV2025,1.19E+11,8/26/2024,8/28/2024,165.225.38.97,2019,Manufacturing - Other
SSV2025,1.19E+11,8/28/2024,8/28/2024,208.198.116.240,1970,Manufacturing - Electronics/Semiconductors
SSV2025,1.19E+11,8/28/2024,8/28/2024,73.110.196.233,2017,Manufacturing - Auto Parts/Equipments
SSV2025,1.19E+11,8/28/2024,8/28/2024,99.162.86.116,1974,Trading company - Chemical/Plastic
SSV2025,1.19E+11,8/28/2024,8/28/2024,24.5.216.176,1985,Professional Service - Consulting
SSV2025,1.19E+11,8/28/2024,8/28/2024,108.53.132.218,2008,Trading company - Chemical/Plastic
SSV2025,1.19E+11,8/21/2024,8/28/2024,12.47.18.60,1976,Trading company - Machinery/Electrical Equipment
SSV2025,1.19E+11,8/28/2024,8/28/2024,108.227.163.185,2002,Consumer Products - Food/Beverage
SSV2025,1.19E+11,8/28/2024,8/28/2024,98.103.24.10,2006,Manufacturing - Automobile Manufacturers
SSV2025,1.19E+11,8/21/2024,8/27/2024,136.52.118.165,2018,Manufacturing - Other
SSV2025,1.19E+11,8/23/2024,8/27/2024,98.153.156.210,2003,Trading company - Pharmaceuticals/Cosmetics
SSV2025,1.19E+11,8/27/2024,8/27/2024,74.142.74.146,1997,Trading company - Other
SSV2025,1.19E+11,8/27/2024,8/27/2024,96.76.214.129,1983,Manufacturing - Food/Beverage
SSV2025,1.19E+11,8/25/2024,8/27/2024,76.150.163.37,2011,Manufacturing - Chemical/Plastic
SSV2025,1.19E+11,8/27/2024,8/27/2024,149.19.49.98,1972,Government
SSV2025,1.19E+11,8/27/2024,8/27/2024,96.72.91.109,2011,Manufacturing - Chemical/Plastic
SSV2025,1.19E+11,8/27/2024,8/27/2024,50.47.39.130,1991,Consumer Products - Food/Beverage
SSV2025,1.19E+11,8/27/2024,8/27/2024,71.30.87.250,1988,Manufacturing - Auto Parts/Equipments
SSV2025,1.19E+11,8/27/2024,8/27/2024,4.71.109.29,2015,Consumer Products - Food/Beverage
SSV2025,1.19E+11,8/27/2024,8/27/2024,155.190.7.19,1992,Manufacturing - Machinery/Electrical Equipment
SSV2025,1.19E+11,8/27/2024,8/27/2024,52.68.115.182,1982,Trading company - Other
SSV2025,1.19E+11,8/27/2024,8/27/2024,75.147.244.237,1986,Manufacturing - Auto Parts/Equipments
SSV2025,1.19E+11,8/27/2024,8/27/2024,107.142.56.155,1961,Trading company - Other
SSV2025,1.19E+11,8/21/2024,8/27/2024,23.246.125.30,1987,IT - IT Service
SSV2025,1.19E+11,8/27/2024,8/27/2024,216.205.116.17,2006,Trading company - Electronics/Semiconductors
SSV2025,1.19E+11,8/27/2024,8/27/2024,208.209.215.42,1985,Real Estate & Construction - Construction/Architectural
SSV2025,1.19E+11,8/27/2024,8/27/2024,76.30.123.16,2017,Energy - Oil/Gas
SSV2025,1.19E+11,8/27/2024,8/27/2024,73.106.224.217,2013,Trading company - Chemical/Plastic
SSV2025,1.19E+11,8/27/2024,8/27/2024,66.90.14.126,1982,Hospitality - Restaurants
SSV2025,1.19E+11,8/26/2024,8/27/2024,104.174.69.39,1990,Professional Service - Accounting/Auditing
SSV2025,1.19E+11,8/26/2024,8/26/2024,50.125.119.210,1974,Manufacturing - Food/Beverage
SSV2025,1.19E+11,8/26/2024,8/26/2024,155.190.49.74,1977,Manufacturing - Machinery/Electrical Equipment
SSV2025,1.19E+11,8/26/2024,8/26/2024,199.48.72.132,1988,Manufacturing - Auto Parts/Equipments
SSV2025,1.19E+11,8/26/2024,8/26/2024,169.63.148.207,1993,Trading company - Machinery/Electrical Equipment
SSV2025,1.19E+11,8/26/2024,8/26/2024,73.208.82.208,1994,Transportation & Logistics - Forwarding
SSV2025,1.19E+11,8/26/2024,8/26/2024,65.155.59.74,2019,Manufacturing - Machinery/Electrical Equipment
SSV2025,1.19E+11,8/26/2024,8/26/2024,75.127.143.211,1986,Trading company - Pharmaceuticals/Cosmetics
SSV2025,1.19E+11,8/26/2024,8/26/2024,64.60.242.138,1970,Trading company - Machinery/Electrical Equipment
SSV2025,1.19E+11,8/26/2024,8/26/2024,96.30.199.248,2023,Finance - Other
SSV2025,1.19E+11,8/26/2024,8/26/2024,75.103.5.158,1998,IT - IT Service
SSV2025,1.19E+11,8/26/2024,8/26/2024,71.198.116.128,2015,IT - Software/Application
SSV2025,1.19E+11,8/26/2024,8/26/2024,98.154.98.30,2017,Real Estate & Construction - Construction/Architectural
SSV2025,1.19E+11,8/26/2024,8/26/2024,155.190.2.14,2021,Energy - Oil/Gas
SSV2025,1.19E+11,8/26/2024,8/26/2024,208.127.186.126,1953,Transportation & Logistics - Airline
SSV2025,1.19E+11,8/26/2024,8/26/2024,32.143.197.26,1999,Manufacturing - Food/Beverage
SSV2025,1.19E+11,8/26/2024,8/26/2024,12.185.161.18,2008,Finance - Insurance
SSV2025,1.19E+11,8/26/2024,8/26/2024,207.140.28.50,1987,Manufacturing - Other
SSV2025,1.19E+11,8/26/2024,8/26/2024,170.85.71.10,1986,Trading company - Other
SSV2025,1.19E+11,8/26/2024,8/26/2024,4.79.32.202,2011,Real Estate & Construction - Construction/Architectural
SSV2025,1.19E+11,8/26/2024,8/26/2024,69.75.58.210,2001,Hospitality - Other
SSV2025,1.19E+11,8/26/2024,8/26/2024,184.186.223.177,2022,Manufacturing - Electronics/Semiconductors
SSV2025,1.19E+11,8/26/2024,8/26/2024,23.24.97.234,1978,Energy - Other
SSV2025,1.19E+11,8/20/2024,8/26/2024,174.97.1.167,2006,Trading company - Machinery/Electrical Equipment
SSV2025,1.19E+11,8/26/2024,8/26/2024,12.14.248.98,2014,Manufacturing - Metals/Non Metals
SSV2025,1.19E+11,8/26/2024,8/26/2024,50.227.160.138,2010,Manufacturing - Auto Parts/Equipments
SSV2025,1.19E+11,8/26/2024,8/26/2024,96.246.24.82,1976,Trading company - Textile/Apparel
SSV2025,1.19E+11,8/26/2024,8/26/2024,77.174.23.147,1997,Trading company - Other
SSV2025,1.19E+11,8/26/2024,8/26/2024,96.72.100.137,2016,Manufacturing - Machinery/Electrical Equipment
SSV2025,1.19E+11,8/26/2024,8/26/2024,50.171.27.90,1985,Manufacturing - Machinery/Electrical Equipment
SSV2025,1.19E+11,8/26/2024,8/26/2024,68.225.20.131,1988,Manufacturing - Automobile Manufacturers
SSV2025,1.19E+11,8/26/2024,8/26/2024,172.117.61.222,2013,Media - Advertising/PR
SSV2025,1.19E+11,8/26/2024,8/26/2024,23.118.13.73,1997,Transportation & Logistics - Airline
SSV2025,1.19E+11,8/26/2024,8/26/2024,68.48.184.95,2012,Trading company - Chemical/Plastic
SSV2025,1.19E+11,8/26/2024,8/26/2024,128.92.233.26,1979,Manufacturing - Aerospace/Defense
SSV2025,1.19E+11,8/26/2024,8/26/2024,72.250.34.168,2016,Trading company - Other
SSV2025,1.19E+11,8/26/2024,8/26/2024,72.134.188.70,1983,Trading company - Other
SSV2025,1.19E+11,8/26/2024,8/26/2024,98.153.199.210,2015,Manufacturing - Electronics/Semiconductors
SSV2025,1.19E+11,8/26/2024,8/26/2024,50.254.19.14,1979,Manufacturing - Auto Parts/Equipments
SSV2025,1.19E+11,8/26/2024,8/26/2024,74.88.103.219,2013,Manufacturing - Machinery/Electrical Equipment
SSV2025,1.19E+11,8/26/2024,8/26/2024,75.89.100.33,2006,Trading company - Other
SSV2025,1.19E+11,8/26/2024,8/26/2024,122.210.210.90,2019,Manufacturing - Auto Parts/Equipments
SSV2025,1.19E+11,8/26/2024,8/26/2024,47.180.200.67,2001,Finance - Insurance
SSV2025,1.19E+11,8/26/2024,8/26/2024,69.75.134.74,2004,Trading company - Electronics/Semiconductors
SSV2025,1.19E+11,8/26/2024,8/26/2024,107.130.103.192,2000,Trading company - Electronics/Semiconductors
SSV2025,1.19E+11,8/26/2024,8/26/2024,98.158.245.105,2013,Manufacturing - Chemical/Plastic
SSV2025,1.19E+11,8/26/2024,8/26/2024,50.252.117.250,2018,Manufacturing - Other
SSV2025,1.19E+11,8/26/2024,8/26/2024,12.238.148.122,1989,Consumer Products - Food/Beverage
SSV2025,1.19E+11,8/26/2024,8/26/2024,50.171.165.186,1968,Manufacturing - Other
SSV2025,1.19E+11,8/26/2024,8/26/2024,108.227.163.185,2003,Trading company - Foods
SSV2025,1.19E+11,8/26/2024,8/26/2024,208.89.202.162,1985,Transportation & Logistics - Forwarding
SSV2025,1.19E+11,8/26/2024,8/26/2024,4.36.141.250,1998,Trading company - Electronics/Semiconductors
SSV2025,1.19E+11,8/20/2024,8/25/2024,59.190.148.134,2015,Manufacturing - Metals/Non Metals
SSV2025,1.19E+11,8/25/2024,8/25/2024,124.37.248.98,2004,Professional Service - Other
SSV2025,1.19E+11,8/24/2024,8/24/2024,73.137.99.251,1990,Manufacturing - Other
SSV2025,1.19E+11,8/24/2024,8/24/2024,45.132.115.23,2023,Real Estate & Construction - Real Estate Agency/Property Management
SSV2025,1.19E+11,8/23/2024,8/23/2024,170.85.55.4,1984,Manufacturing - Electronics/Semiconductors
SSV2025,1.19E+11,8/23/2024,8/23/2024,157.96.50.186,1986,Transportation & Logistics - Forwarding
SSV2025,1.19E+11,8/23/2024,8/23/2024,114.148.189.145,2003,Trading company - Electronics/Semiconductors
SSV2025,1.19E+11,8/23/2024,8/23/2024,50.254.14.89,2018,Trading company - Machinery/Electrical Equipment
SSV2025,1.19E+11,8/22/2024,8/23/2024,204.48.37.210,2010,Professional Service - Other
SSV2025,1.19E+11,8/21/2024,8/23/2024,12.174.58.26,1998,Manufacturing - Machinery/Electrical Equipment
SSV2025,1.19E+11,8/22/2024,8/23/2024,12.20.98.2,1982,Health Care - Health Care Equipment/Medical Device
SSV2025,1.19E+11,8/23/2024,8/23/2024,107.143.136.79,2002,Professional Service - Engineering
SSV2025,1.19E+11,8/23/2024,8/23/2024,12.22.175.58,1987,IT - IT Service
SSV2025,1.19E+11,8/23/2024,8/23/2024,207.141.88.85,1981,Manufacturing - Auto Parts/Equipments
SSV2025,1.19E+11,8/22/2024,8/23/2024,136.226.64.252,2021,Retail - Other
SSV2025,1.19E+11,8/23/2024,8/23/2024,108.242.239.73,1994,Manufacturing - Other
SSV2025,1.19E+11,8/22/2024,8/23/2024,136.226.65.79,1996,IT - Telecommunication
SSV2025,1.19E+11,8/23/2024,8/23/2024,136.226.84.85,1973,Trading company - Electronics/Semiconductors
SSV2025,1.19E+11,8/21/2024,8/23/2024,98.174.155.242,1971,Trading company - Other
SSV2025,1.19E+11,8/20/2024,8/23/2024,107.185.179.107,2008,Consumer Products - Food/Beverage
SSV2025,1.19E+11,8/23/2024,8/23/2024,50.241.202.121,1983,Manufacturing - Automobile Manufacturers
SSV2025,1.19E+11,8/23/2024,8/23/2024,147.0.224.186,2006,Manufacturing - Chemical/Plastic
SSV2025,1.19E+11,8/22/2024,8/23/2024,136.226.3.72,1998,Manufacturing - Food/Beverage
SSV2025,1.19E+11,8/23/2024,8/23/2024,177.200.202.226,1985,Trading company - Textile/Apparel
SSV2025,1.19E+11,8/23/2024,8/23/2024,24.127.139.65,2020,Manufacturing - Auto Parts/Equipments
SSV2025,1.19E+11,8/22/2024,8/22/2024,67.200.222.124,1980,Energy - Oil/Gas
SSV2025,1.19E+11,8/22/2024,8/22/2024,174.174.203.126,2006,Trading company - Electronics/Semiconductors
SSV2025,1.19E+11,8/22/2024,8/22/2024,12.146.141.18,1989,Manufacturing - Electronics/Semiconductors
SSV2025,1.19E+11,8/21/2024,8/22/2024,170.85.54.93,1986,Transportation & Logistics - Airline
SSV2025,1.19E+11,8/22/2024,8/22/2024,76.33.161.128,1974,Transportation & Logistics - Train
SSV2025,1.19E+11,8/22/2024,8/22/2024,170.85.57.15,1988,Manufacturing - Auto Parts/Equipments
SSV2025,1.19E+11,8/22/2024,8/22/2024,184.189.201.183,2009,IT - IT Service
SSV2025,1.19E+11,8/22/2024,8/22/2024,50.204.203.66,2014,Manufacturing - Other
SSV2025,1.19E+11,8/22/2024,8/22/2024,99.184.48.252,2011,Manufacturing - Machinery/Electrical Equipment
SSV2025,1.19E+11,8/22/2024,8/22/2024,136.226.85.71,2013,Manufacturing - Machinery/Electrical Equipment
SSV2025,1.19E+11,8/22/2024,8/22/2024,216.98.98.198,1996,IT - IT Service
SSV2025,1.19E+11,8/22/2024,8/22/2024,50.216.82.25,2004,Manufacturing - Auto Parts/Equipments
SSV2025,1.19E+11,8/22/2024,8/22/2024,12.186.168.195,1989,Manufacturing - Chemical/Plastic
SSV2025,1.19E+11,8/22/2024,8/22/2024,106.186.215.169,2018,Manufacturing - Other
SSV2025,1.19E+11,8/22/2024,8/22/2024,75.232.151.130,1970,Manufacturing - Automobile Manufacturers
SSV2025,1.19E+11,8/22/2024,8/22/2024,107.197.176.193,2019,Health Care - Health Care Equipment/Medical Device
SSV2025,1.19E+11,8/22/2024,8/22/2024,98.154.26.34,1978,Manufacturing - Food/Beverage
SSV2025,1.19E+11,8/22/2024,8/22/2024,208.248.248.218,1998,Real Estate & Construction - Real Estate Agency/Property Management
SSV2025,1.19E+11,8/22/2024,8/22/2024,76.79.251.2,2018,Transportation & Logistics - Forwarding
SSV2025,1.19E+11,8/22/2024,8/22/2024,108.29.95.213,1976,Manufacturing - Machinery/Electrical Equipment
SSV2025,1.19E+11,8/22/2024,8/22/2024,173.167.156.146,1974,Manufacturing - Auto Parts/Equipments
SSV2025,1.19E+11,8/22/2024,8/22/2024,69.24.135.83,1952,Trading company - Other
SSV2025,1.19E+11,8/20/2024,8/22/2024,12.220.241.71,1968,Manufacturing - Automobile Manufacturers
SSV2025,1.19E+11,8/22/2024,8/22/2024,207.204.248.161,2022,Consumer Products - Computer/Electronics
SSV2025,1.19E+11,8/22/2024,8/22/2024,97.70.177.20,1998,Professional Service - Other
SSV2025,1.19E+11,8/22/2024,8/22/2024,173.161.11.65,2006,Professional Service - Other
SSV2025,1.19E+11,8/22/2024,8/22/2024,12.201.200.82,2018,Manufacturing - Auto Parts/Equipments
SSV2025,1.19E+11,8/22/2024,8/22/2024,172.59.197.59,2013,Trading company - Other
SSV2025,1.19E+11,8/22/2024,8/22/2024,96.92.236.161,1981,Manufacturing - Electronics/Semiconductors
SSV2025,1.19E+11,8/22/2024,8/22/2024,107.133.226.57,2012,Trading company - Metals/Non Metals
SSV2025,1.19E+11,8/22/2024,8/22/2024,12.27.53.74,2007,Manufacturing - Automobile Manufacturers
SSV2025,1.19E+11,8/21/2024,8/21/2024,104.35.197.62,2013,IT - IT Service
SSV2025,1.19E+11,8/21/2024,8/21/2024,202.12.247.218,2012,IT - Software/Application
SSV2025,1.19E+11,8/21/2024,8/21/2024,210.141.159.137,2017,Energy - Oil/Gas
SSV2025,1.19E+11,8/21/2024,8/21/2024,149.19.49.98,1983,Government
SSV2025,1.19E+11,8/21/2024,8/21/2024,20.194.146.3,1986,Finance - Bank/Finance
SSV2025,1.19E+11,8/21/2024,8/21/2024,72.190.53.59,1998,Trading company - Machinery/Electrical Equipment
SSV2025,1.19E+11,8/20/2024,8/21/2024,104.129.206.88,1995,Manufacturing - Other
SSV2025,1.19E+11,8/21/2024,8/21/2024,165.225.36.174,2011,IT - IT Service
SSV2025,1.19E+11,8/21/2024,8/21/2024,45.59.2.42,1995,Manufacturing - Auto Parts/Equipments
SSV2025,1.19E+11,8/21/2024,8/21/2024,50.254.44.245,2015,Manufacturing - Machinery/Electrical Equipment
SSV2025,1.19E+11,8/21/2024,8/21/2024,64.129.221.242,1980,Manufacturing - Other
SSV2025,1.19E+11,8/21/2024,8/21/2024,71.80.182.74,2016,Manufacturing - Auto Parts/Equipments
SSV2025,1.19E+11,8/21/2024,8/21/2024,24.199.18.62,1991,Trading company - Other
SSV2025,1.19E+11,8/21/2024,8/21/2024,12.229.110.218,1984,Manufacturing - Machinery/Electrical Equipment
SSV2025,1.19E+11,8/21/2024,8/21/2024,96.239.59.86,2011,Hospitality - Restaurants
SSV2025,1.19E+11,8/21/2024,8/21/2024,104.4.216.113,2022,Trading company - Other
SSV2025,1.19E+11,8/21/2024,8/21/2024,108.222.144.41,2019,Manufacturing - Metals/Non Metals
SSV2025,1.19E+11,8/21/2024,8/21/2024,98.153.203.66,1999,Manufacturing - Electronics/Semiconductors
SSV2025,1.19E+11,8/21/2024,8/21/2024,155.190.3.6,2019,Trading company - Chemical/Plastic
SSV2025,1.19E+11,8/21/2024,8/21/2024,98.189.43.242,2015,Manufacturing - Other
SSV2025,1.19E+11,8/21/2024,8/21/2024,72.214.23.46,1987,Manufacturing - Other
SSV2025,1.19E+11,8/21/2024,8/21/2024,12.220.241.71,1969,Manufacturing - Auto Parts/Equipments
SSV2025,1.19E+11,8/21/2024,8/21/2024,74.219.121.222,2007,Manufacturing - Metals/Non Metals
SSV2025,1.19E+11,8/21/2024,8/21/2024,24.172.155.50,2016,Manufacturing - Metals/Non Metals
SSV2025,1.19E+11,8/21/2024,8/21/2024,199.167.84.235,1997,Manufacturing - Machinery/Electrical Equipment
SSV2025,1.19E+11,8/21/2024,8/21/2024,129.219.21.145,2021,Professional Service - Human Resources
SSV2025,1.19E+11,8/21/2024,8/21/2024,97.78.179.78,1996,Trading company - Electronics/Semiconductors
SSV2025,1.19E+11,8/21/2024,8/21/2024,107.143.137.95,2011,Trading company - Electronics/Semiconductors
SSV2025,1.19E+11,8/21/2024,8/21/2024,63.70.83.218,2018,Government
SSV2025,1.19E+11,8/21/2024,8/21/2024,96.73.214.106,1986,Trading company - Machinery/Electrical Equipment
SSV2025,1.19E+11,8/21/2024,8/21/2024,72.80.75.117,2012,IT - IT Service
SSV2025,1.19E+11,8/21/2024,8/21/2024,71.42.96.162,1986,Professional Service - Other
SSV2025,1.19E+11,8/21/2024,8/21/2024,12.201.24.66,2000,Real Estate & Construction - Construction/Architectural
SSV2025,1.19E+11,8/21/2024,8/21/2024,71.59.45.220,2019,Manufacturing - Auto Parts/Equipments
SSV2025,1.19E+11,8/21/2024,8/21/2024,98.206.244.152,2023,Manufacturing - Machinery/Electrical Equipment
SSV2025,1.19E+11,8/21/2024,8/21/2024,73.36.124.195,2007,Professional Service - Consulting
SSV2025,1.19E+11,8/21/2024,8/21/2024,99.33.106.129,2000,Trading company - Machinery/Electrical Equipment
SSV2025,1.19E+11,8/21/2024,8/21/2024,104.7.67.214,1995,Trading company - Other
SSV2025,1.19E+11,8/21/2024,8/21/2024,12.28.245.166,1987,Manufacturing - Chemical/Plastic
SSV2025,1.19E+11,8/21/2024,8/21/2024,165.225.58.9,1972,Trading company - So-go (General)
SSV2025,1.19E+11,8/21/2024,8/21/2024,50.212.130.177,1989,Manufacturing - Auto Parts/Equipments
SSV2025,1.19E+11,8/21/2024,8/21/2024,99.124.233.225,1987,Trading company - Electronics/Semiconductors
SSV2025,1.19E+11,8/21/2024,8/21/2024,136.226.109.17,2022,Manufacturing - Auto Parts/Equipments
SSV2025,1.19E+11,8/21/2024,8/21/2024,73.7.5.112,2001,Professional Service - Engineering
SSV2025,1.19E+11,8/21/2024,8/21/2024,38.94.155.66,1990,Media - Publishing
SSV2025,1.19E+11,8/21/2024,8/21/2024,12.207.194.3,1979,Trading company - Electronics/Semiconductors
SSV2025,1.19E+11,8/21/2024,8/21/2024,108.53.204.97,2011,Health Care - Pharmaceuticals/Biotechnology
SSV2025,1.19E+11,8/21/2024,8/21/2024,50.247.141.21,1995,Manufacturing - Machinery/Electrical Equipment
SSV2025,1.19E+11,8/21/2024,8/21/2024,216.163.3.195,1989,Manufacturing - Metals/Non Metals
SSV2025,1.19E+11,8/21/2024,8/21/2024,96.69.99.193,2003,Trading company - Machinery/Electrical Equipment
SSV2025,1.19E+11,8/21/2024,8/21/2024,76.190.121.106,1996,Manufacturing - Machinery/Electrical Equipment
SSV2025,1.19E+11,8/21/2024,8/21/2024,75.205.0.97,1990,Transportation & Logistics - Forwarding
SSV2025,1.19E+11,8/20/2024,8/20/2024,101.102.137.194,1989,Hospitality - Other
SSV2025,1.19E+11,8/20/2024,8/20/2024,74.108.116.195,1939,Consumer Products - Other
SSV2025,1.19E+11,8/20/2024,8/20/2024,203.141.62.49,2017,Retail - Other
SSV2025,1.19E+11,8/20/2024,8/20/2024,150.169.32.48,2017,Finance - Investment/Venture Capital
SSV2025,1.19E+11,8/20/2024,8/20/2024,174.218.81.221,1997,IT - IT Service
SSV2025,1.19E+11,8/20/2024,8/20/2024,104.174.64.163,1980,Trading company - Electronics/Semiconductors
SSV2025,1.19E+11,8/20/2024,8/20/2024,40.133.41.66,1989,Manufacturing - Auto Parts/Equipments
SSV2025,1.19E+11,8/20/2024,8/20/2024,71.225.160.175,1976,Health Care - Health Care Equipment/Medical Device
SSV2025,1.19E+11,8/20/2024,8/20/2024,98.153.240.242,2003,Retail - Other
SSV2025,1.19E+11,8/20/2024,8/20/2024,45.21.47.217,1998,Transportation & Logistics - Forwarding
SSV2025,1.19E+11,8/20/2024,8/20/2024,186.96.5.192,1988,Manufacturing - Auto Parts/Equipments
SSV2025,1.19E+11,8/20/2024,8/20/2024,23.121.201.92,1998,Media - Publishing
SSV2025,1.19E+11,8/20/2024,8/20/2024,97.78.179.78,1996,Trading company - Electronics/Semiconductors
SSV2025,1.19E+11,8/20/2024,8/20/2024,69.209.16.134,2008,Manufacturing - Electronics/Semiconductors
SSV2025,1.19E+11,8/20/2024,8/20/2024,148.230.211.224,1988,Trading company - Electronics/Semiconductors
SSV2025,1.19E+11,8/20/2024,8/20/2024,52.192.138.10,2002,Consumer Products - Household Appliances
SSV2025,1.19E+11,8/20/2024,8/20/2024,50.244.55.241,1988,Trading company - Metals/Non Metals
SSV2025,1.19E+11,8/20/2024,8/20/2024,71.82.36.68,2015,Energy - Oil/Gas
SSV2025,1.19E+11,8/20/2024,8/20/2024,211.14.29.148,2014,IT - IT Service
SSV2025,1.19E+11,8/20/2024,8/20/2024,216.234.105.122,1994,Manufacturing - Auto Parts/Equipments
SSV2025,1.19E+11,8/20/2024,8/20/2024,20.163.192.184,2004,Manufacturing - Machinery/Electrical Equipment
SSV2025,1.19E+11,8/20/2024,8/20/2024,199.195.178.234,1979,Manufacturing - Chemical/Plastic
SSV2025,1.19E+11,8/20/2024,8/20/2024,47.155.245.4,1991,Trading company - Energy
SSV2025,1.19E+11,8/20/2024,8/20/2024,108.254.152.30,2014,Manufacturing - Machinery/Electrical Equipment
SSV2025,1.19E+11,8/20/2024,8/20/2024,12.8.112.75,2002,Trading company - Other
SSV2025,1.19E+11,8/20/2024,8/20/2024,166.254.94.4,1984,Trading company - Electronics/Semiconductors
SSV2025,1.19E+11,8/20/2024,8/20/2024,174.166.150.255,2001,Health Care - Pharmaceuticals/Biotechnology
SSV2025,1.19E+11,8/20/2024,8/20/2024,100.37.2.10,1987,Trading company - Other
SSV2025,1.19E+11,8/20/2024,8/20/2024,24.12.185.229,2007,Manufacturing - Automobile Manufacturers
SSV2025,1.19E+11,8/20/2024,8/20/2024,216.98.110.74,1996,Media - Broadcasting
SSV2025,1.19E+11,8/20/2024,8/20/2024,108.35.118.98,1980,Trading company - Other
SSV2025,1.19E+11,8/20/2024,8/20/2024,12.69.83.42,1988,Manufacturing - Food/Beverage
SSV2025,1.19E+11,8/20/2024,8/20/2024,108.251.198.201,1989,Media - Other
SSV2025,1.19E+11,8/20/2024,8/20/2024,198.179.82.162,2011,Finance - Bank/Finance
SSV2025,1.19E+11,8/20/2024,8/20/2024,134.238.188.69,2019,Health Care - Pharmaceuticals/Biotechnology
SSV2025,1.19E+11,8/20/2024,8/20/2024,172.58.231.251,1974,Hospitality - Travel
SSV2025,1.19E+11,8/20/2024,8/20/2024,209.36.241.210,1992,Trading company - So-go (General)
SSV2025,1.19E+11,8/20/2024,8/20/2024,96.57.151.170,2004,Trading company - Chemical/Plastic
SSV2025,1.19E+11,8/20/2024,8/20/2024,107.143.136.80,2007,Trading company - Electronics/Semiconductors
SSV2025,1.19E+11,8/20/2024,8/20/2024,204.60.17.123,1985,Manufacturing - Machinery/Electrical Equipment
SSV2025,1.19E+11,8/20/2024,8/20/2024,126.142.120.6,1982,Manufacturing - Other
SSV2025,1.19E+11,8/20/2024,8/20/2024,38.140.97.82,2008,Finance - Other
SSV2025,1.19E+11,8/20/2024,8/20/2024,12.206.230.90,1974,Transportation & Logistics - Forwarding
SSV2025,1.19E+11,8/20/2024,8/20/2024,74.218.65.203,1994,Manufacturing - Auto Parts/Equipments
SSV2025,1.19E+11,8/20/2024,8/20/2024,98.154.15.154,1974,Trading company - Other
SSV2025,1.19E+11,8/20/2024,8/20/2024,73.69.254.224,1991,Health Care - Health Care Equipment/Medical Device
SSV2025,1.19E+11,8/20/2024,8/20/2024,108.198.105.105,1960,Manufacturing - Industrial Paper/Forest Products
SSV2025,1.19E+11,8/20/2024,8/20/2024,38.140.180.186,1988,Finance - Other
SSV2025,1.19E+11,8/20/2024,8/20/2024,174.79.34.3,2022,Trading company - Other
SSV2025,1.19E+11,8/20/2024,8/20/2024,50.196.141.85,2002,Manufacturing - Machinery/Electrical Equipment
SSV2025,1.19E+11,8/20/2024,8/20/2024,104.8.35.249,2007,Trading company - Other
SSV2025,1.19E+11,8/20/2024,8/20/2024,74.142.128.150,2015,Manufacturing - Machinery/Electrical Equipment
SSV2025,1.19E+11,8/20/2024,8/20/2024,207.159.85.194,2014,IT - IT Service
SSV2025,1.19E+11,8/20/2024,8/20/2024,69.193.135.214,2023,Consumer Products - Textile/Apparel/Accessories
SSV2025,1.19E+11,8/20/2024,8/20/2024,99.158.166.181,1963,Trading company - Chemical/Plastic
SSV2025,1.19E+11,8/20/2024,8/20/2024,209.215.120.211,2015,Health Care - Health Care Equipment/Medical Device
SSV2025,1.19E+11,8/20/2024,8/20/2024,98.189.85.50,2001,Manufacturing - Electronics/Semiconductors
